Workbook

Sheet Historias de Usuario
B1: Desarrollo ágil: Pila de Producto (Product Backlog)
B4: Identificador (ID) de la Historia | C4: Enunciado de la Historia | D4: Alias | E4: Estado | F4: Esfuerzo (en días) | G4: Iteración (Sprint) | H4: Prioridad | I4: Comentarios
B5: PB-01 | C5: Como usuario, necesito iniciar sesión en la aplicación, con la finalidad de acceder a mi cuenta y gestionar productos. | D5: Login | E5: Planificada | F5: 4 | G5: 2 | H5: Alta | I5: Incluye recuperación de contraseña
B6: PB-02 | C6: Como administrador, necesito crear cuentas en la aplicación, con la finalidad de que usuarios puedan acceder al sistema. | D6: Registro | E6: Planificada | F6: 4 | G6: 2 | H6: Alta | I6: Validación de campos y duplicados
B7: PB-03 | C7: Como administrador, necesito gestionar usuarios del sistema, con la finalidad de asignar roles y accesos. | D7: AdminUsuarios | E7: Planificada | F7: 3 | G7: 2 | H7: Alta | I7: Roles: supervisor, gerente
B8: PB-04 | C8: Como usuario, necesito agregar productos al inventario, con la finalidad de mantener el stock actualizado. | D8: ArgregarProducto | E8: Planificada | F8: 3 | G8: 2 | H8: Alta | I8: Validación de campos y duplicados
B9: PB-05 | C9: Como usuario, necesito editar los detalles de un producto, con la finalidad de actualizar la información. | D9: EditarProducto | E9: Planificada | F9: 3 | G9: 2 | H9: Alta | I9: Incluye cambios de descripción, cantidad
B10: PB-06 | C10: Como usuario, necesito eliminar productos obsoletos o vencidos, con la finalidad de mantener el inventario limpio. | D10: EliminarProducto | E10: Planificada | F10: 2 | G10: 2 | H10: Alta | I10: Confirmación antes de eliminar
B11: PB-07 | C11: Como usuario, necesito visualizar el estado del inventario, con la finalidad de tomar decisiones informadas. | D11: VerInventario | E11: Planificada | F11: 3 | G11: 2 | H11: Alta | I11: Listados, filtros y búsqueda
B12: PB-08 | C12: Como un usuario, necesito asignar productos entre diferentes casetas para manejar el orden del inventario, con la finalidad de mantener un orden y realizar el seguimiento de moviemientos. | D12: AsignarProducto | E12: Planificada | F12: 2 | G12: 2 | H12: Alta | I12: Movimiento de productos.
B13: PB-09 | C13: Como un usuario, necesito editar productos en la caseta para manejar el orden del inventario, con la finalidad de mantener un orden y actualizacion del inventario de la caseta | D13: EditarProducto | E13: Planificada | F13: 3 | G13: 2 | H13: media | I13: Incluye cambios de descripción, cantidad
B14: PB-10 | C14: Como un usuario, necesito eliminar productos en la caseta para manejar el orden del inventario, con la finalidad de mantener un orden y actualizacion del inventario de la caseta | D14: EliminarProducto | E14: Planificada | F14: 2 | G14: 2 | H14: media | I14: Confirmación antes de eliminar
B15: PB-11 | C15: Como un usuario, necesito listar productos en la caseta para visualizar el inventario, con la finalidad de mantener información actualizada de la caseta | D15: VerInventario | E15: Planificada | F15: 2 | G15: 2 | H15: media | I15: Listados, filtros y búsqueda
B16: PB-12 | C16: Como usuario, necesito registrar las aplicaciones de los productos para mantener un gasto de productos | D16: AplicarProducto | E16: Planificada | F16: 4 | G16: 2 | H16: Baja | I16: Movimiento de productos.
... B23: PB-19 | C23: Como usuario de la caseta, necesito registrar el Equipo de aplicación y el Sector al guardar una aplicación, para cumplir con los nuevos requisitos de trazabilidad del sistema interno | D23: AplicarProducto | E23: Planificada | F23: 5 | G23: 2 | H23: Alta | I23: Aplicacion de productos.

Sheet Planning Poker
B1: Puntuacion individual
B2: ID PB | C2: Eduardo Velasquez | D2: Felipe Alvarado | E2: Marco Oviedo | F2: Ponderación | G2: Avance del Desarrollo | J2: usamos la técnica de estimación en equipo llamada Planning Poker, que utiliza cartas con una secuencia numérica (similar a la de Fibonacci) para asignar "puntos de historia" a las tareas o "historias de usuario", reflejando su complejidad, esfuerzo y riesgo. Con este metodo podremos ir viendo el porcentaje de avance que llevamos para el desarrollo del proyecto
B3: ='Historias de Usuario'!B5 -> PB-01 | C3: 5 | D3: 8 | E3: 8 | F3: =(SUM(C3:E3)/3) -> 7 | G3: Finalizada
B4: ='Historias de Usuario'!B6 -> PB-02 | C4: 3 | D4: 5 | E4: 8 | F4: =(SUM(C4:E4)/3) -> 5.3333333 | G4: Finalizada
B5: ='Historias de Usuario'!B7 -> PB-03 | C5: 3 | D5: 8 | E5: 13 | F5: =(SUM(C5:E5)/3) -> 8 | G5: Finalizada
B6: ='Historias de Usuario'!B8 -> PB-04 | C6: 5 | D6: 8 | E6: 8 | F6: =(SUM(C6:E6)/3) -> 7 | G6: Finalizada | J6: Planning poker: la estrategia integral para la estimación ágil
B7: ='Historias de Usuario'!B9 -> PB-05 | C7: 3 | D7: 5 | E7: 8 | F7: =(SUM(C7:E7)/3) -> 5.3333333 | G7: Finalizada
B8: ='Historias de Usuario'!B10 -> PB-06 | C8: 3 | D8: 8 | E8: 8 | F8: =(SUM(C8:E8)/3) -> 6.3333333 | G8: Finalizada
B9: ='Historias de Usuario'!B11 -> PB-07 | C9: 8 | D9: 8 | E9: 8 | F9: =(SUM(C9:E9)/3) -> 8 | G9: Finalizada
B10: ='Historias de Usuario'!B12 -> PB-08 | C10: 13 | D10: 13 | E10: 13 | F10: =(SUM(C10:E10)/3) -> 13 | G10: Finalizada
B11: ='Historias de Usuario'!B13 -> PB-09 | C11: 5 | D11: 13 | E11: 20 | F11: =(SUM(C11:E11)/3) -> 12.666667 | G11: Finalizada | J11: Puntaje Total | K11: =F22 -> 193
B12: ='Historias de Usuario'!B14 -> PB-10 | C12: 5 | D12: 5 | E12: 8 | F12: =(SUM(C12:E12)/3) -> 6 | G12: Finalizada | J12: Puntaje Avanzado | K12: =SUMIF($G$2:$G$21,"Finalizada",$F$2:$F$21) -> 193
B13: ='Historias de Usuario'!B15 -> PB-11 | C13: 3 | D13: 8 | E13: 8 | F13: =(SUM(C13:E13)/3) -> 6.3333333 | G13: Finalizada | J13: Porcentaje de Avance | K13: =SUMIF($G$2:$G$21,"Finalizada",$F$2:$F$21)/K11 -> 1
B14: ='Historias de Usuario'!B16 -> PB-12 | C14: 21 | D14: 13 | E14: 13 | F14: =(SUM(C14:E14)/3) -> 15.666667 | G14: Finalizada
B15: ='Historias de Usuario'!B17 -> PB-13 | C15: 13 | D15: 13 | E15: 20 | F15: =(SUM(C15:E15)/3) -> 15.333333 | G15: Finalizada
B16: ='Historias de Usuario'!B18 -> PB-14 | C16: 5 | D16: 8 | E16: 13 | F16: =(SUM(C16:E16)/3) -> 8.6666667 | G16: Finalizada
B17: ='Historias de Usuario'!B19 -> PB-15 | C17: 13 | D17: 21 | E17: 13 | F17: =(SUM(C17:E17)/3) -> 15.666667 | G17: Finalizada
B18: ='Historias de Usuario'!B20 -> PB-16 | C18: 8 | D18: 8 | E18: 13 | F18: =(SUM(C18:E18)/3) -> 9.6666667 | G18: Finalizada
B19: ='Historias de Usuario'!B21 -> PB-17 | C19: 8 | D19: 8 | E19: 13 | F19: =(SUM(C19:E19)/3) -> 9.6666667 | G19: Finalizada
B20: ='Historias de Usuario'!B22 -> PB-18 | C20: 21 | D20: 21 | E20: 40 | F20: =(SUM(C20:E20)/3) -> 27.333333 | G20: Finalizada
B21: ='Historias de Usuario'!B23 -> PB-19 | C21: 8 | D21: 5 | E21: 5 | F21: =(SUM(C21:E21)/3) -> 6 | G21: Finalizada
B22: Ponderación total | F22: =SUM(F3:F21) -> 193
B23: ='Historias de Usuario'!B24

Sheet Instructivo
B1: Pila de Producto (Product Backlog): Instructivo
B2: Elaborado por: pmoinformatica.com
B4: Columna | C4: Instrucciones
B5: Identificador (ID) de la Historia | C5: Código que identifica a la historia de forma unívoca, una vez asignado, no debe ser re-usado en otra historia, ni siquiera si la historia es descartada. El código identifica la historia en otros documentos, como por ejemplo la plantilla de historias de usuario.
B6: Enunciado de la Historia | C6: Nombre de la historia, el cual debe ser el mismo que se utiliza en otros documentos. Se puede utilizar el formato siguiente: Como un [Rol], Necesito [Descripción de la Funcionalidad], con la finalidad de [Razón o Resultado]
B7: Alias | C7: Título de la historia alternativo a la descripción, que servirá para identificar más fácilmente la historia sin tener que repetir todo su enunciado. Se puede utilizar por ejemplo el nombre de la funcionalidad o requerimiento que se pretende desarrollar.
B8: Estado | C8: Identifica los posibles estados de la historia durante su ciclo de vida: - Vacío: La historia fue identifica pero aún no ha sido asignada a una iteración. - Planificada: La historia fue asignada a una iteración y aún no ha comenzado su ejecución. Puede tener este estado incluyendo en la iteración donde está planificado ejecutarla (pero que aún no ha comenzado). - En Proceso: La historia fue seleccionada por el equipo y está en proceso de desarrollo (en ejecución). - Hecho (Donde): La historia fue desarrollada. Es importante clarificar la definición de “Hecho” con el equipo de trabajo. “Hecho” no sólo incluye el desarrollo sino la integración y pruebas integrales del Software. Una historia hecha puede presentarse al dueño de producto para sus pruebas de aceptación. - Descartada: Se determinó que la historia ya no es relevante, su contenido se incluyó en otro grupo de historias o fue cancelada.
B9: Dimensión / Esfuerzo | C9: Medida del esfuerzo (tamaño) que implica desarrollar la historia, existen distintos métodos para medirlo, un ejemplo es los “puntos de historia” una medida de complejidad no necesariamente relacionado con jornadas o días. Otra forma de medirlo es con días o jornadas ideales.
B10: Iteración (Sprint) | C10: Iteración o Sprint al que se asigna la historia. Esta asignación puede cambiar en cada iteración donde se haga la revisión de la pila de producto (ProductBacklogReview), según las prioridades indicadas por el dueño de producto. Por medio de este campo se puede crear un “Plan de Salidas a Productivo” (Release Plan).
B11: Prioridad | C11: Siguiendo el marco de trabajo ágil y Scrum, se le deben asignar prioridades a las historias, según las instrucciones del dueño de producto (ProductOwner). De esta forma pueden ordenarse. Las historias de mayor prioridad deben ser las que agregan más valor al negocio, y deben ser originadas en sus necesidades.
B12: Comentarios | C12: Comentarios o detalles relacionadas que expliquen la historia. Para definiciones de mayor longitud deben usarse documentos externos, por ejemplo la plantilla de historias de usuario.
